date,event,category,relevance,icon
1 Mar,St David's Day,Cultural,Welsh content opportunities,🏴
2 Mar,Oscars Ceremony,Awards,Winner tie-ins to Sky catalogue,🏆
6 Mar,World Book Day,Cultural,Book-to-screen adaptations on Sky,📚
8 Mar,International Women's Day,Cultural,Female-led Sky originals spotlight,✊
14–16 Mar,Six Nations Super Saturday,Sport,Rugby crossover content,🏉
17 Mar,St Patrick's Day,Cultural,"Irish talent on Sky — Murphy, Gleeson",☘️
20 Mar,Spring Equinox,Seasonal,"New season, new series push",🌸
29 Mar,Boat Race,Sport,British tradition — nostalgic content,🚣
30 Mar,BST Begins,Seasonal,Lighter evenings viewing habits shift,🕐
14 Apr,Easter Weekend,Holiday,Family viewing — Sky Cinema spotlight,🐣
